timestamp,symbol,open,high,low,close,volume
2025-04-24T00:00:00Z,DOLOUSD,0.10000,0.10000,0.10000,0.10000,75.80000
2025-04-25T00:00:00Z,DOLOUSD,0.10000,0.10000,0.10000,0.10000,0.00000
2025-04-26T00:00:00Z,DOLOUSD,0.06231,0.07036,0.05200,0.06380,31025.61483
2025-04-27T00:00:00Z,DOLOUSD,0.06875,0.09850,0.05200,0.09717,10033.41916
2025-04-28T00:00:00Z,DOLOUSD,0.09000,0.09000,0.01600,0.05700,87903.09525
2025-04-29T00:00:00Z,DOLOUSD,0.01200,0.06100,0.01200,0.05434,180881.12682
2025-04-30T00:00:00Z,DOLOUSD,0.04435,0.06057,0.04269,0.05209,452173.42180
2025-05-01T00:00:00Z,DOLOUSD,0.05290,0.06411,0.05126,0.05690,99072.04849
2025-05-02T00:00:00Z,DOLOUSD,0.05740,0.06484,0.05669,0.06452,74774.18605
2025-05-03T00:00:00Z,DOLOUSD,0.06621,0.06621,0.04766,0.05179,286025.09966
2025-05-04T00:00:00Z,DOLOUSD,0.05336,0.05434,0.04586,0.04881,51678.49078
2025-05-05T00:00:00Z,DOLOUSD,0.04938,0.04938,0.04612,0.04612,23862.82305
2025-05-06T00:00:00Z,DOLOUSD,0.04780,0.04780,0.04342,0.04517,3358.15133
2025-05-07T00:00:00Z,DOLOUSD,0.04629,0.04650,0.03829,0.03830,173906.75638
2025-05-08T00:00:00Z,DOLOUSD,0.04624,0.05492,0.04101,0.04575,15728.46978
2025-05-09T00:00:00Z,DOLOUSD,0.05600,0.05600,0.05320,0.05320,172.61566
2025-05-10T00:00:00Z,DOLOUSD,0.04573,0.06329,0.04573,0.06329,465.33586
2025-05-11T00:00:00Z,DOLOUSD,0.04573,0.04573,0.04573,0.04573,119.45015
2025-05-12T00:00:00Z,DOLOUSD,0.04573,0.04573,0.04573,0.04573,60.11000
2025-05-13T00:00:00Z,DOLOUSD,0.04573,0.04573,0.04573,0.04573,216.51950
2025-05-14T00:00:00Z,DOLOUSD,0.04573,0.04573,0.04573,0.04573,8867.49356
2025-05-15T00:00:00Z,DOLOUSD,0.04999,0.05125,0.04110,0.04500,40221.95928
2025-05-16T00:00:00Z,DOLOUSD,0.03791,0.03791,0.03791,0.03791,708.97067
2025-05-17T00:00:00Z,DOLOUSD,0.03791,0.03791,0.03791,0.03791,0.00000
2025-05-18T00:00:00Z,DOLOUSD,0.03791,0.03791,0.03791,0.03791,0.00000
2025-05-19T00:00:00Z,DOLOUSD,0.03791,0.03791,0.03791,0.03791,0.00000
2025-05-20T00:00:00Z,DOLOUSD,0.04790,0.04790,0.04790,0.04790,278.32669
2025-05-21T00:00:00Z,DOLOUSD,0.04790,0.04790,0.04790,0.04790,0.00000
2025-05-22T00:00:00Z,DOLOUSD,0.04790,0.04790,0.04790,0.04790,0.00000
2025-05-23T00:00:00Z,DOLOUSD,0.03395,0.03395,0.03395,0.03395,555.50000
2025-05-24T00:00:00Z,DOLOUSD,0.03396,0.03396,0.03396,0.03396,15000.00000
2025-05-25T00:00:00Z,DOLOUSD,0.03396,0.03396,0.03396,0.03396,0.00000
2025-05-26T00:00:00Z,DOLOUSD,0.04681,0.05100,0.03831,0.04013,3444.72462
2025-05-27T00:00:00Z,DOLOUSD,0.04013,0.04013,0.04013,0.04013,0.00000
2025-05-28T00:00:00Z,DOLOUSD,0.05500,0.05500,0.05500,0.05500,126.36362
2025-05-29T00:00:00Z,DOLOUSD,0.05500,0.05500,0.05500,0.05500,0.00000
2025-05-30T00:00:00Z,DOLOUSD,0.04018,0.04018,0.03584,0.03584,3809.16515
2025-05-31T00:00:00Z,DOLOUSD,0.03584,0.03584,0.03584,0.03584,0.00000
2025-06-01T00:00:00Z,DOLOUSD,0.03584,0.03584,0.03584,0.03584,0.00000
2025-06-02T00:00:00Z,DOLOUSD,0.03584,0.03584,0.03584,0.03584,0.00000
2025-06-03T00:00:00Z,DOLOUSD,0.03400,0.04237,0.03400,0.04228,855.60709
2025-06-04T00:00:00Z,DOLOUSD,0.03500,0.04198,0.03500,0.04198,733.39822
2025-06-05T00:00:00Z,DOLOUSD,0.03500,0.03500,0.03016,0.03016,1499.94112
2025-06-06T00:00:00Z,DOLOUSD,0.03016,0.03016,0.03016,0.03016,0.00000
2025-06-07T00:00:00Z,DOLOUSD,0.02752,0.03088,0.02752,0.03088,1273.54667
2025-06-08T00:00:00Z,DOLOUSD,0.03088,0.03088,0.03088,0.03088,0.00000
2025-06-09T00:00:00Z,DOLOUSD,0.03088,0.03088,0.03088,0.03088,0.00000
2025-06-10T00:00:00Z,DOLOUSD,0.03520,0.03520,0.03520,0.03520,571.42857
2025-06-11T00:00:00Z,DOLOUSD,0.03520,0.03520,0.03520,0.03520,0.00000
2025-06-12T00:00:00Z,DOLOUSD,0.03113,0.03113,0.03113,0.03113,284.09089
2025-06-13T00:00:00Z,DOLOUSD,0.03113,0.03113,0.03113,0.03113,0.00000
2025-06-14T00:00:00Z,DOLOUSD,0.03113,0.03113,0.03113,0.03113,0.00000
2025-06-15T00:00:00Z,DOLOUSD,0.03113,0.03113,0.03113,0.03113,0.00000
2025-06-16T00:00:00Z,DOLOUSD,0.03113,0.03113,0.03113,0.03113,0.00000
2025-06-17T00:00:00Z,DOLOUSD,0.03113,0.03113,0.03113,0.03113,0.00000
2025-06-18T00:00:00Z,DOLOUSD,0.03113,0.03113,0.03113,0.03113,0.00000
2025-06-19T00:00:00Z,DOLOUSD,0.03500,0.03501,0.03113,0.03113,290460.80125
2025-06-20T00:00:00Z,DOLOUSD,0.03113,0.03113,0.03113,0.03113,0.00000
2025-06-21T00:00:00Z,DOLOUSD,0.03620,0.03620,0.03113,0.03113,3089.88850
2025-06-22T00:00:00Z,DOLOUSD,0.03621,0.03623,0.03112,0.03112,2549.97788
2025-06-23T00:00:00Z,DOLOUSD,0.03623,0.03623,0.03623,0.03623,356.29699
2025-06-24T00:00:00Z,DOLOUSD,0.04160,0.04160,0.04160,0.04160,50.00000
2025-06-25T00:00:00Z,DOLOUSD,0.04160,0.04160,0.04160,0.04160,0.00000
2025-06-26T00:00:00Z,DOLOUSD,0.04160,0.04160,0.04160,0.04160,0.00000
2025-06-27T00:00:00Z,DOLOUSD,0.04160,0.04160,0.04160,0.04160,0.00000
2025-06-28T00:00:00Z,DOLOUSD,0.04149,0.04149,0.02370,0.02370,627.23153
2025-06-29T00:00:00Z,DOLOUSD,0.04145,0.07996,0.02701,0.03682,29116.73174
2025-06-30T00:00:00Z,DOLOUSD,0.03751,0.04082,0.03655,0.03736,2427.26755
2025-07-01T00:00:00Z,DOLOUSD,0.03720,0.03720,0.03720,0.03720,950.00000
2025-07-02T00:00:00Z,DOLOUSD,0.04044,0.04317,0.02750,0.04222,29808.06955
2025-07-03T00:00:00Z,DOLOUSD,0.03596,0.06000,0.03596,0.03735,1521.75919
2025-07-04T00:00:00Z,DOLOUSD,0.03770,0.03771,0.03770,0.03771,9477.59698
2025-07-05T00:00:00Z,DOLOUSD,0.03745,0.04083,0.03565,0.04083,2811.89376
2025-07-06T00:00:00Z,DOLOUSD,0.03895,0.03897,0.03486,0.03897,10962.15946
2025-07-07T00:00:00Z,DOLOUSD,0.03709,0.04524,0.03709,0.04500,10486.48398
2025-07-08T00:00:00Z,DOLOUSD,0.03964,0.03964,0.03964,0.03964,50.00000
2025-07-09T00:00:00Z,DOLOUSD,0.07184,0.07184,0.04077,0.04271,5439.03582
2025-07-10T00:00:00Z,DOLOUSD,0.04153,0.06000,0.04110,0.04120,16776.05471
2025-07-11T00:00:00Z,DOLOUSD,0.05988,0.07500,0.04989,0.05707,57270.27507
2025-07-12T00:00:00Z,DOLOUSD,0.05749,0.07621,0.05749,0.07621,14740.24439
2025-07-13T00:00:00Z,DOLOUSD,0.06500,0.07599,0.05867,0.07599,8308.20196
2025-07-14T00:00:00Z,DOLOUSD,0.06000,0.06000,0.06000,0.06000,1233.67893
2025-07-15T00:00:00Z,DOLOUSD,0.06000,0.06000,0.06000,0.06000,0.00000
2025-07-16T00:00:00Z,DOLOUSD,0.06600,0.06600,0.06600,0.06600,4000.00000
2025-07-17T00:00:00Z,DOLOUSD,0.06600,0.06600,0.05750,0.05750,17075.46121
2025-07-18T00:00:00Z,DOLOUSD,0.06400,0.06400,0.05803,0.05803,2466.51538
2025-07-19T00:00:00Z,DOLOUSD,0.05751,0.05751,0.05748,0.05748,4461.98214
2025-07-20T00:00:00Z,DOLOUSD,0.05749,0.05750,0.05595,0.05595,20005.73414
2025-07-21T00:00:00Z,DOLOUSD,0.05595,0.05595,0.05595,0.05595,0.00000
2025-07-22T00:00:00Z,DOLOUSD,0.05575,0.05578,0.05574,0.05578,1960.62000
2025-07-23T00:00:00Z,DOLOUSD,0.06500,0.10119,0.06500,0.07830,223346.95272
2025-07-24T00:00:00Z,DOLOUSD,0.08000,0.11386,0.08000,0.08671,18134.34535
2025-07-25T00:00:00Z,DOLOUSD,0.11035,0.13700,0.08530,0.11250,83542.93592
2025-07-26T00:00:00Z,DOLOUSD,0.10668,0.13172,0.10668,0.13168,35988.35469
2025-07-27T00:00:00Z,DOLOUSD,0.15000,0.18666,0.13189,0.16759,477907.18322
2025-07-28T00:00:00Z,DOLOUSD,0.16610,0.18959,0.15620,0.17161,354185.98924
2025-07-29T00:00:00Z,DOLOUSD,0.18030,0.20094,0.14933,0.15845,442463.76938
2025-07-30T00:00:00Z,DOLOUSD,0.15487,0.17642,0.12724,0.16981,392159.07291
2025-07-31T00:00:00Z,DOLOUSD,0.16135,0.16619,0.14370,0.14481,200504.52099
2025-08-01T00:00:00Z,DOLOUSD,0.14879,0.15619,0.14113,0.14492,59675.33640
2025-08-02T00:00:00Z,DOLOUSD,0.14551,0.15198,0.12788,0.12831,109711.68517
2025-08-03T00:00:00Z,DOLOUSD,0.12830,0.15430,0.12830,0.14829,89162.00283
2025-08-04T00:00:00Z,DOLOUSD,0.14729,0.15756,0.14498,0.15498,53075.52529
2025-08-05T00:00:00Z,DOLOUSD,0.16097,0.17618,0.14854,0.16850,175128.61777
2025-08-06T00:00:00Z,DOLOUSD,0.16331,0.16804,0.14805,0.14805,83052.56883
2025-08-07T00:00:00Z,DOLOUSD,0.15387,0.21033,0.15387,0.18313,433374.47917
2025-08-08T00:00:00Z,DOLOUSD,0.18156,0.20834,0.18079,0.19472,168436.81148
2025-08-09T00:00:00Z,DOLOUSD,0.20263,0.23135,0.19923,0.22651,139875.17883
2025-08-10T00:00:00Z,DOLOUSD,0.22678,0.29499,0.22297,0.28000,607504.78443
2025-08-11T00:00:00Z,DOLOUSD,0.28888,0.28888,0.23560,0.25000,214711.91760
2025-08-12T00:00:00Z,DOLOUSD,0.25113,0.26733,0.22110,0.22660,515708.29656
2025-08-13T00:00:00Z,DOLOUSD,0.22560,0.24000,0.21320,0.23451,504243.16474
2025-08-14T00:00:00Z,DOLOUSD,0.23994,0.24798,0.20767,0.20802,442469.83122
2025-08-15T00:00:00Z,DOLOUSD,0.20182,0.22937,0.19413,0.20191,629642.55940
2025-08-16T00:00:00Z,DOLOUSD,0.20425,0.21234,0.20132,0.20524,113376.04468
2025-08-17T00:00:00Z,DOLOUSD,0.20934,0.22686,0.20514,0.20984,102140.78602
2025-08-18T00:00:00Z,DOLOUSD,0.20709,0.22720,0.18725,0.21326,152475.64814
2025-08-19T00:00:00Z,DOLOUSD,0.21491,0.21867,0.19796,0.20080,168862.25700
2025-08-20T00:00:00Z,DOLOUSD,0.19616,0.23535,0.19616,0.22775,216184.13020
2025-08-21T00:00:00Z,DOLOUSD,0.22874,0.23484,0.21763,0.21832,276527.03563
2025-08-22T00:00:00Z,DOLOUSD,0.21879,0.25155,0.19833,0.24026,628588.55551
2025-08-23T00:00:00Z,DOLOUSD,0.23928,0.31989,0.21549,0.30277,561174.61196
2025-08-24T00:00:00Z,DOLOUSD,0.30057,0.31000,0.27000,0.28884,272363.33428
2025-08-25T00:00:00Z,DOLOUSD,0.29392,0.29696,0.24149,0.24149,155721.09532
2025-08-26T00:00:00Z,DOLOUSD,0.24462,0.25922,0.22737,0.25350,249089.73503
2025-08-27T00:00:00Z,DOLOUSD,0.24816,0.43851,0.22400,0.22843,526902.51409
2025-08-28T00:00:00Z,DOLOUSD,0.22000,0.24993,0.19129,0.24383,890528.82812
2025-08-29T00:00:00Z,DOLOUSD,0.23684,0.24384,0.21025,0.21915,83787.46550
2025-08-30T00:00:00Z,DOLOUSD,0.21690,0.30254,0.21689,0.29200,508187.66316
2025-08-31T00:00:00Z,DOLOUSD,0.28887,0.36832,0.28665,0.32580,323238.98296
2025-09-01T00:00:00Z,DOLOUSD,0.32500,0.32910,0.21238,0.21374,504072.97528
2025-09-02T00:00:00Z,DOLOUSD,0.22143,0.22920,0.20186,0.20692,1056997.18675
2025-09-03T00:00:00Z,DOLOUSD,0.20471,0.20594,0.19055,0.19290,243411.78554
2025-09-04T00:00:00Z,DOLOUSD,0.19259,0.19326,0.16196,0.17184,1534549.69014
2025-09-05T00:00:00Z,DOLOUSD,0.17136,0.18205,0.16820,0.18086,112900.06411
2025-09-06T00:00:00Z,DOLOUSD,0.18048,0.20598,0.17622,0.19994,1798689.08733
2025-09-07T00:00:00Z,DOLOUSD,0.19686,0.21867,0.19094,0.19569,434898.14335
2025-09-08T00:00:00Z,DOLOUSD,0.19276,0.19276,0.17822,0.18150,550466.40716
2025-09-09T00:00:00Z,DOLOUSD,0.17884,0.18834,0.17732,0.18450,298091.84929
2025-09-10T00:00:00Z,DOLOUSD,0.19147,0.19608,0.17217,0.17518,315603.87975
2025-09-11T00:00:00Z,DOLOUSD,0.17544,0.18147,0.16764,0.18143,544725.79678
2025-09-12T00:00:00Z,DOLOUSD,0.18360,0.18501,0.17328,0.17545,159302.51581
2025-09-13T00:00:00Z,DOLOUSD,0.17429,0.17850,0.16902,0.17295,186131.97544
2025-09-14T00:00:00Z,DOLOUSD,0.17490,0.21000,0.17028,0.18141,588597.66038
2025-09-15T00:00:00Z,DOLOUSD,0.18484,0.19427,0.14824,0.16682,644664.76999
2025-09-16T00:00:00Z,DOLOUSD,0.16798,0.17659,0.16610,0.17088,53458.01585
2025-09-17T00:00:00Z,DOLOUSD,0.16904,0.16904,0.15282,0.16480,358652.09516
2025-09-18T00:00:00Z,DOLOUSD,0.16633,0.16635,0.15700,0.15926,461181.17974
2025-09-19T00:00:00Z,DOLOUSD,0.15452,0.15784,0.14700,0.14977,475202.19501
2025-09-20T00:00:00Z,DOLOUSD,0.15009,0.15695,0.15009,0.15525,91337.05834
2025-09-21T00:00:00Z,DOLOUSD,0.15908,0.16682,0.14966,0.15269,54598.73499
2025-09-22T00:00:00Z,DOLOUSD,0.14695,0.14708,0.12003,0.12743,410232.11753
2025-09-23T00:00:00Z,DOLOUSD,0.12785,0.12790,0.11032,0.11200,208892.17227
2025-09-24T00:00:00Z,DOLOUSD,0.11156,0.12044,0.11155,0.11273,100919.85508
2025-09-25T00:00:00Z,DOLOUSD,0.11490,0.11490,0.09805,0.10012,214971.47926
2025-09-26T00:00:00Z,DOLOUSD,0.10473,0.12229,0.10266,0.10956,202959.04059
2025-09-27T00:00:00Z,DOLOUSD,0.10801,0.11006,0.09993,0.10503,888083.25260
2025-09-28T00:00:00Z,DOLOUSD,0.10350,0.10350,0.09689,0.10247,70247.09658
2025-09-29T00:00:00Z,DOLOUSD,0.10547,0.11041,0.09592,0.09793,1442112.28651
2025-09-30T00:00:00Z,DOLOUSD,0.09586,0.10358,0.09500,0.10330,218721.51175
2025-10-01T00:00:00Z,DOLOUSD,0.10405,0.10770,0.09862,0.10554,600954.75007
2025-10-02T00:00:00Z,DOLOUSD,0.10955,0.11652,0.10386,0.10873,66018.02016
2025-10-03T00:00:00Z,DOLOUSD,0.10924,0.12100,0.10585,0.11647,259181.00633
2025-10-04T00:00:00Z,DOLOUSD,0.11231,0.11667,0.10500,0.11173,200193.94354
2025-10-05T00:00:00Z,DOLOUSD,0.11212,0.11917,0.10809,0.10809,66924.48797
2025-10-06T00:00:00Z,DOLOUSD,0.11041,0.12590,0.11041,0.11912,79864.15586
2025-10-07T00:00:00Z,DOLOUSD,0.11817,0.11957,0.10551,0.10551,36633.89413
2025-10-08T00:00:00Z,DOLOUSD,0.10911,0.11242,0.10676,0.11136,6466.15047
2025-10-09T00:00:00Z,DOLOUSD,0.10685,0.11448,0.10395,0.11355,10385.34640
2025-10-10T00:00:00Z,DOLOUSD,0.11347,0.11349,0.05401,0.07332,652344.93260
2025-10-11T00:00:00Z,DOLOUSD,0.07368,0.08124,0.07010,0.07189,261731.29441
2025-10-12T00:00:00Z,DOLOUSD,0.07242,0.08630,0.07242,0.08285,129447.58952
2025-10-13T00:00:00Z,DOLOUSD,0.08317,0.10095,0.08031,0.10095,317252.23559
2025-10-14T00:00:00Z,DOLOUSD,0.09482,0.09613,0.08807,0.09335,48359.73898
2025-10-15T00:00:00Z,DOLOUSD,0.10154,0.10155,0.08990,0.09095,2395.44276
2025-10-16T00:00:00Z,DOLOUSD,0.08709,0.09318,0.08043,0.08277,63500.80220
2025-10-17T00:00:00Z,DOLOUSD,0.08270,0.08308,0.07002,0.08130,184760.53131
2025-10-18T00:00:00Z,DOLOUSD,0.08110,0.08461,0.08080,0.08128,60210.08489
2025-10-19T00:00:00Z,DOLOUSD,0.08027,0.08278,0.08027,0.08276,15445.77962
2025-10-20T00:00:00Z,DOLOUSD,0.08150,0.08640,0.08015,0.08015,162258.56819
2025-10-21T00:00:00Z,DOLOUSD,0.07926,0.08859,0.07925,0.08415,75575.27723
2025-10-22T00:00:00Z,DOLOUSD,0.07999,0.08162,0.07694,0.07694,17258.97346
2025-10-23T00:00:00Z,DOLOUSD,0.07880,0.08651,0.07803,0.08613,26564.89929
2025-10-24T00:00:00Z,DOLOUSD,0.08487,0.08489,0.08396,0.08396,20284.32632
2025-10-25T00:00:00Z,DOLOUSD,0.08526,0.08526,0.08308,0.08308,4677.34084
2025-10-26T00:00:00Z,DOLOUSD,0.08328,0.08655,0.08296,0.08655,19287.17841
2025-10-27T00:00:00Z,DOLOUSD,0.08784,0.08784,0.08334,0.08588,12146.17014
2025-10-28T00:00:00Z,DOLOUSD,0.08605,0.08633,0.08191,0.08191,741.63249
2025-10-29T00:00:00Z,DOLOUSD,0.07862,0.08497,0.07861,0.08497,77408.87254
2025-10-30T00:00:00Z,DOLOUSD,0.08417,0.08551,0.07364,0.07543,35601.29533
2025-10-31T00:00:00Z,DOLOUSD,0.07523,0.08740,0.07523,0.08740,4183.94332
2025-11-01T00:00:00Z,DOLOUSD,0.08407,0.08407,0.08120,0.08120,16735.18537
2025-11-02T00:00:00Z,DOLOUSD,0.08168,0.08169,0.07767,0.07784,127978.67722
2025-11-03T00:00:00Z,DOLOUSD,0.07577,0.07577,0.06757,0.06880,3670.15128
2025-11-04T00:00:00Z,DOLOUSD,0.07049,0.07049,0.06044,0.06648,182742.29195
2025-11-05T00:00:00Z,DOLOUSD,0.06379,0.06544,0.06151,0.06410,123517.44661
2025-11-06T00:00:00Z,DOLOUSD,0.06876,0.06876,0.06329,0.06329,4705.40180
2025-11-07T00:00:00Z,DOLOUSD,0.06904,0.06915,0.06901,0.06901,2433.09999
2025-11-08T00:00:00Z,DOLOUSD,0.06651,0.06651,0.06335,0.06373,2538.35974
2025-11-09T00:00:00Z,DOLOUSD,0.06706,0.06707,0.06706,0.06707,41461.91902
2025-11-10T00:00:00Z,DOLOUSD,0.06680,0.06860,0.06629,0.06860,9831.43593
2025-11-11T00:00:00Z,DOLOUSD,0.06560,0.06738,0.06560,0.06738,1232.26824
2025-11-12T00:00:00Z,DOLOUSD,0.06293,0.06477,0.06000,0.06000,6507.02573
2025-11-13T00:00:00Z,DOLOUSD,0.06007,0.06073,0.05781,0.05781,13392.37211
2025-11-14T00:00:00Z,DOLOUSD,0.05297,0.05329,0.05185,0.05185,3180.28362
2025-11-15T00:00:00Z,DOLOUSD,0.05244,0.05244,0.05244,0.05244,478.37845
2025-11-16T00:00:00Z,DOLOUSD,0.04957,0.04989,0.04899,0.04989,3092.34399
2025-11-17T00:00:00Z,DOLOUSD,0.05026,0.05026,0.04697,0.04800,12762.27002
2025-11-18T00:00:00Z,DOLOUSD,0.04727,0.05063,0.04727,0.05063,2764.38469
2025-11-19T00:00:00Z,DOLOUSD,0.04769,0.04885,0.04769,0.04783,2816.26841
2025-11-20T00:00:00Z,DOLOUSD,0.05227,0.05707,0.04757,0.05042,9538.67330
2025-11-21T00:00:00Z,DOLOUSD,0.04541,0.04595,0.04072,0.04595,47561.83910
2025-11-22T00:00:00Z,DOLOUSD,0.04668,0.04668,0.04611,0.04614,3864.84998
2025-11-23T00:00:00Z,DOLOUSD,0.04614,0.04614,0.04614,0.04614,0.00000
2025-11-24T00:00:00Z,DOLOUSD,0.04648,0.05446,0.04524,0.04942,173019.87789
2025-11-25T00:00:00Z,DOLOUSD,0.04930,0.05192,0.04556,0.04947,62199.15317
2025-11-26T00:00:00Z,DOLOUSD,0.05190,0.05193,0.04764,0.05124,26629.68630
2025-11-27T00:00:00Z,DOLOUSD,0.05125,0.05373,0.05123,0.05373,4749.36432
2025-11-28T00:00:00Z,DOLOUSD,0.05373,0.05952,0.04975,0.05476,49034.85121
2025-11-29T00:00:00Z,DOLOUSD,0.05466,0.05466,0.05000,0.05331,207264.04455
2025-11-30T00:00:00Z,DOLOUSD,0.05331,0.05331,0.05331,0.05331,0.00000
2025-12-01T00:00:00Z,DOLOUSD,0.04740,0.04740,0.04285,0.04415,461665.49274
2025-12-02T00:00:00Z,DOLOUSD,0.04718,0.04719,0.04718,0.04719,2003.32928
2025-12-03T00:00:00Z,DOLOUSD,0.04755,0.04853,0.04755,0.04853,17952.55152
2025-12-04T00:00:00Z,DOLOUSD,0.04599,0.04599,0.04500,0.04500,506371.88778
2025-12-05T00:00:00Z,DOLOUSD,0.04223,0.04244,0.04011,0.04041,13623.42370
2025-12-06T00:00:00Z,DOLOUSD,0.04041,0.04041,0.04041,0.04041,0.00000
2025-12-07T00:00:00Z,DOLOUSD,0.04041,0.04041,0.04041,0.04041,0.00000
2025-12-08T00:00:00Z,DOLOUSD,0.04100,0.04104,0.04009,0.04034,219614.67346
2025-12-09T00:00:00Z,DOLOUSD,0.04030,0.04167,0.04009,0.04109,6856.81958
2025-12-10T00:00:00Z,DOLOUSD,0.04137,0.04150,0.04009,0.04023,9158.15936
2025-12-11T00:00:00Z,DOLOUSD,0.04009,0.04009,0.03826,0.03900,13629.42551
2025-12-12T00:00:00Z,DOLOUSD,0.03900,0.03900,0.03900,0.03900,0.00000
2025-12-13T00:00:00Z,DOLOUSD,0.03900,0.03900,0.03900,0.03900,0.00000
2025-12-14T00:00:00Z,DOLOUSD,0.03610,0.03610,0.03610,0.03610,310.20000
2025-12-15T00:00:00Z,DOLOUSD,0.03609,0.03724,0.03382,0.03444,236606.97969
2025-12-16T00:00:00Z,DOLOUSD,0.03518,0.03518,0.03518,0.03518,1916.37630
2025-12-17T00:00:00Z,DOLOUSD,0.03518,0.03518,0.03518,0.03518,0.00000
2025-12-18T00:00:00Z,DOLOUSD,0.03457,0.03457,0.03457,0.03457,323.70000
2025-12-19T00:00:00Z,DOLOUSD,0.03454,0.03468,0.03270,0.03454,57160.69420
2025-12-20T00:00:00Z,DOLOUSD,0.03454,0.03454,0.03454,0.03454,0.00000
2025-12-21T00:00:00Z,DOLOUSD,0.03454,0.03454,0.03454,0.03454,0.00000
2025-12-22T00:00:00Z,DOLOUSD,0.03237,0.03237,0.03156,0.03156,15800.00000
2025-12-23T00:00:00Z,DOLOUSD,0.03336,0.03336,0.03336,0.03336,4700.00000
2025-12-24T00:00:00Z,DOLOUSD,0.04012,0.04218,0.03719,0.04218,9529.37496
2025-12-25T00:00:00Z,DOLOUSD,0.04218,0.04218,0.04218,0.04218,0.00000
2025-12-26T00:00:00Z,DOLOUSD,0.03974,0.05383,0.03974,0.04549,5097.73035
2025-12-27T00:00:00Z,DOLOUSD,0.04549,0.04549,0.04549,0.04549,0.00000
2025-12-28T00:00:00Z,DOLOUSD,0.05262,0.05265,0.05000,0.05000,16724.00000
2025-12-29T00:00:00Z,DOLOUSD,0.05000,0.05000,0.05000,0.05000,0.00000
2025-12-30T00:00:00Z,DOLOUSD,0.05000,0.05000,0.05000,0.05000,0.00000
2025-12-31T00:00:00Z,DOLOUSD,0.04136,0.04136,0.04136,0.04136,3777.04267
2026-01-01T00:00:00Z,DOLOUSD,0.04136,0.04136,0.04136,0.04136,0.00000
2026-01-02T00:00:00Z,DOLOUSD,0.04267,0.04608,0.04267,0.04608,580.12169
2026-01-03T00:00:00Z,DOLOUSD,0.04853,0.05045,0.04481,0.04481,1981.45954
2026-01-04T00:00:00Z,DOLOUSD,0.04734,0.04734,0.04653,0.04653,9841.47799
2026-01-05T00:00:00Z,DOLOUSD,0.04680,0.04690,0.04508,0.04508,10019.79808
2026-01-06T00:00:00Z,DOLOUSD,0.04508,0.04508,0.04508,0.04508,0.00000
2026-01-07T00:00:00Z,DOLOUSD,0.04508,0.04508,0.04508,0.04508,0.00000
2026-01-08T00:00:00Z,DOLOUSD,0.04429,0.04600,0.04429,0.04429,3410.38798
2026-01-09T00:00:00Z,DOLOUSD,0.04271,0.04271,0.04271,0.04271,350.00000
2026-01-10T00:00:00Z,DOLOUSD,0.04271,0.04271,0.04271,0.04271,0.00000
2026-01-11T00:00:00Z,DOLOUSD,0.04134,0.04134,0.04134,0.04134,84.10427
2026-01-12T00:00:00Z,DOLOUSD,0.03944,0.09999,0.03944,0.07124,1392811.09716
2026-01-13T00:00:00Z,DOLOUSD,0.07071,0.08000,0.05687,0.05836,385737.68365
2026-01-14T00:00:00Z,DOLOUSD,0.05852,0.06600,0.05814,0.06375,238391.81355
2026-01-15T00:00:00Z,DOLOUSD,0.06470,0.08366,0.06382,0.06836,1052997.88457
2026-01-16T00:00:00Z,DOLOUSD,0.06845,0.07460,0.06632,0.06880,221116.61340
2026-01-17T00:00:00Z,DOLOUSD,0.06678,0.06894,0.06071,0.06071,161032.07140
2026-01-18T00:00:00Z,DOLOUSD,0.06037,0.06175,0.05742,0.06100,76335.74644
2026-01-19T00:00:00Z,DOLOUSD,0.05622,0.05622,0.05531,0.05589,2883.11339
2026-01-20T00:00:00Z,DOLOUSD,0.05587,0.06743,0.05445,0.05445,1109669.48280
2026-01-21T00:00:00Z,DOLOUSD,0.05504,0.05562,0.05231,0.05562,71818.86716
2026-01-22T00:00:00Z,DOLOUSD,0.05500,0.05884,0.05223,0.05223,36872.75596
2026-01-23T00:00:00Z,DOLOUSD,0.05580,0.05580,0.05580,0.05580,2688.17205
2026-01-24T00:00:00Z,DOLOUSD,0.05392,0.05901,0.05383,0.05670,30721.54724
2026-01-25T00:00:00Z,DOLOUSD,0.05670,0.05670,0.05670,0.05670,0.00000
2026-01-26T00:00:00Z,DOLOUSD,0.05201,0.05212,0.04924,0.05032,34249.70084
2026-01-27T00:00:00Z,DOLOUSD,0.04695,0.04695,0.04695,0.04695,28.06283
2026-01-28T00:00:00Z,DOLOUSD,0.04583,0.04583,0.04497,0.04561,736188.80171
2026-01-29T00:00:00Z,DOLOUSD,0.04577,0.04577,0.04345,0.04346,10213.56146
2026-01-30T00:00:00Z,DOLOUSD,0.04410,0.04410,0.04410,0.04410,1791.38251
2026-01-31T00:00:00Z,DOLOUSD,0.03970,0.03970,0.03567,0.03601,20907.71533
2026-02-01T00:00:00Z,DOLOUSD,0.03593,0.03593,0.03226,0.03226,960.03814
2026-02-02T00:00:00Z,DOLOUSD,0.03717,0.04286,0.03572,0.03629,86652.05491
2026-02-03T00:00:00Z,DOLOUSD,0.03535,0.03868,0.03535,0.03855,18102.16668
2026-02-04T00:00:00Z,DOLOUSD,0.03923,0.03923,0.03536,0.03536,2962.90000
2026-02-05T00:00:00Z,DOLOUSD,0.03536,0.03536,0.03167,0.03329,28963.71906
2026-02-06T00:00:00Z,DOLOUSD,0.02967,0.03461,0.02944,0.03384,3516.92298
2026-02-07T00:00:00Z,DOLOUSD,0.03386,0.03427,0.03280,0.03416,9136.93807
2026-02-08T00:00:00Z,DOLOUSD,0.03475,0.03475,0.03332,0.03380,13353.76006
2026-02-09T00:00:00Z,DOLOUSD,0.03533,0.04304,0.03500,0.03526,11598.35007
2026-02-10T00:00:00Z,DOLOUSD,0.03621,0.03621,0.03583,0.03583,2352.04716
2026-02-11T00:00:00Z,DOLOUSD,0.03561,0.03760,0.03415,0.03760,11282.05781
2026-02-12T00:00:00Z,DOLOUSD,0.03810,0.03810,0.03805,0.03805,6676.01026
2026-02-13T00:00:00Z,DOLOUSD,0.03805,0.03805,0.03805,0.03805,0.00000
2026-02-14T00:00:00Z,DOLOUSD,0.03805,0.03805,0.03805,0.03805,0.00000
2026-02-15T00:00:00Z,DOLOUSD,0.03424,0.03424,0.03424,0.03424,1132.00526
2026-02-16T00:00:00Z,DOLOUSD,0.03739,0.03739,0.03739,0.03739,1740.21524
2026-02-17T00:00:00Z,DOLOUSD,0.03739,0.03739,0.03739,0.03739,0.00000
2026-02-18T00:00:00Z,DOLOUSD,0.03609,0.03609,0.03609,0.03609,3338.00000
2026-02-19T00:00:00Z,DOLOUSD,0.03462,0.03462,0.03462,0.03462,11102.00000
2026-02-20T00:00:00Z,DOLOUSD,0.03715,0.04063,0.03715,0.04022,7419.50675
2026-02-21T00:00:00Z,DOLOUSD,0.04022,0.04022,0.04022,0.04022,0.00000
2026-02-22T00:00:00Z,DOLOUSD,0.04022,0.05174,0.03786,0.05174,16397.77903
2026-02-23T00:00:00Z,DOLOUSD,0.05174,0.05174,0.05174,0.05174,0.00000
2026-02-24T00:00:00Z,DOLOUSD,0.05174,0.05174,0.05174,0.05174,0.00000
2026-02-25T00:00:00Z,DOLOUSD,0.04110,0.04110,0.03810,0.03810,5765.00000
2026-02-26T00:00:00Z,DOLOUSD,0.03810,0.03810,0.03710,0.03710,3887.00000
2026-02-27T00:00:00Z,DOLOUSD,0.03615,0.03615,0.03500,0.03500,9895.00003
2026-02-28T00:00:00Z,DOLOUSD,0.03500,0.03500,0.03274,0.03456,30390.66916
2026-03-01T00:00:00Z,DOLOUSD,0.03456,0.03456,0.03456,0.03456,0.00000
2026-03-02T00:00:00Z,DOLOUSD,0.03735,0.03735,0.03237,0.03237,5901.70205
2026-03-03T00:00:00Z,DOLOUSD,0.03341,0.03341,0.03335,0.03336,8737.85140
2026-03-04T00:00:00Z,DOLOUSD,0.03336,0.03336,0.03336,0.03336,0.00000
2026-03-05T00:00:00Z,DOLOUSD,0.03453,0.03513,0.03378,0.03378,21357.84772
2026-03-06T00:00:00Z,DOLOUSD,0.03390,0.03414,0.03390,0.03414,8477.05194
2026-03-07T00:00:00Z,DOLOUSD,0.03319,0.03319,0.03218,0.03218,7246.90430
2026-03-08T00:00:00Z,DOLOUSD,0.03218,0.03218,0.03218,0.03218,0.00000
2026-03-09T00:00:00Z,DOLOUSD,0.03218,0.03218,0.03218,0.03218,0.00000
2026-03-10T00:00:00Z,DOLOUSD,0.03218,0.03218,0.03218,0.03218,0.00000
2026-03-11T00:00:00Z,DOLOUSD,0.03390,0.03484,0.03390,0.03484,11088.43438
2026-03-12T00:00:00Z,DOLOUSD,0.03484,0.03484,0.03484,0.03484,0.00000
2026-03-13T00:00:00Z,DOLOUSD,0.03484,0.03484,0.03484,0.03484,0.00000
2026-03-14T00:00:00Z,DOLOUSD,0.03484,0.03484,0.03484,0.03484,0.00000
2026-03-15T00:00:00Z,DOLOUSD,0.03484,0.03484,0.03484,0.03484,0.00000
2026-03-16T00:00:00Z,DOLOUSD,0.03484,0.03484,0.03484,0.03484,0.00000
2026-03-17T00:00:00Z,DOLOUSD,0.03484,0.03484,0.03484,0.03484,0.00000
2026-03-18T00:00:00Z,DOLOUSD,0.03484,0.03484,0.03484,0.03484,0.00000
2026-03-19T00:00:00Z,DOLOUSD,0.03484,0.03484,0.03484,0.03484,0.00000
2026-03-20T00:00:00Z,DOLOUSD,0.03484,0.03484,0.03484,0.03484,0.00000
2026-03-21T00:00:00Z,DOLOUSD,0.03484,0.03484,0.03484,0.03484,0.00000
2026-03-22T00:00:00Z,DOLOUSD,0.03202,0.03202,0.03181,0.03181,400.00000
2026-03-23T00:00:00Z,DOLOUSD,0.03181,0.03181,0.03181,0.03181,0.00000
2026-03-24T00:00:00Z,DOLOUSD,0.03280,0.03280,0.03280,0.03280,606.27106
2026-03-25T00:00:00Z,DOLOUSD,0.03280,0.03280,0.03280,0.03280,0.00000
2026-03-26T00:00:00Z,DOLOUSD,0.03154,0.03154,0.03125,0.03125,1000.00000
2026-03-27T00:00:00Z,DOLOUSD,0.03125,0.03125,0.03125,0.03125,0.00000
2026-03-28T00:00:00Z,DOLOUSD,0.03001,0.03027,0.02523,0.03011,5484.78106
2026-03-29T00:00:00Z,DOLOUSD,0.03011,0.03011,0.03011,0.03011,0.00000
2026-03-30T00:00:00Z,DOLOUSD,0.03011,0.03011,0.03011,0.03011,0.00000
2026-03-31T00:00:00Z,DOLOUSD,0.03011,0.03011,0.03011,0.03011,0.00000
2026-04-01T00:00:00Z,DOLOUSD,0.03011,0.03011,0.03011,0.03011,0.00000
2026-04-02T00:00:00Z,DOLOUSD,0.03793,0.04329,0.03525,0.03525,431515.68759
2026-04-03T00:00:00Z,DOLOUSD,0.03539,0.03539,0.03327,0.03399,32987.88609
2026-04-04T00:00:00Z,DOLOUSD,0.03293,0.03353,0.03269,0.03295,20698.11851
2026-04-05T00:00:00Z,DOLOUSD,0.03305,0.03899,0.03300,0.03375,219629.22753
2026-04-06T00:00:00Z,DOLOUSD,0.03446,0.03446,0.03300,0.03366,278813.52776
2026-04-07T00:00:00Z,DOLOUSD,0.03235,0.03254,0.03235,0.03254,3536.34976
2026-04-08T00:00:00Z,DOLOUSD,0.03338,0.03583,0.03331,0.03376,6438.37353
2026-04-09T00:00:00Z,DOLOUSD,0.03472,0.03472,0.03472,0.03472,2880.18434
2026-04-10T00:00:00Z,DOLOUSD,0.03493,0.03493,0.03489,0.03489,116145.15202
2026-04-11T00:00:00Z,DOLOUSD,0.03455,0.03455,0.03259,0.03259,33953.13977
2026-04-12T00:00:00Z,DOLOUSD,0.03141,0.03141,0.03009,0.03101,23835.70751
2026-04-13T00:00:00Z,DOLOUSD,0.03085,0.03164,0.03085,0.03164,746.90000
2026-04-14T00:00:00Z,DOLOUSD,0.03128,0.03285,0.03128,0.03285,1674.00000
2026-04-15T00:00:00Z,DOLOUSD,0.03219,0.03393,0.03219,0.03355,15525.37881
2026-04-16T00:00:00Z,DOLOUSD,0.03426,0.03427,0.03419,0.03419,7782.69229
2026-04-17T00:00:00Z,DOLOUSD,0.03515,0.03571,0.03515,0.03570,17785.74002
2026-04-18T00:00:00Z,DOLOUSD,0.03610,0.03765,0.03442,0.03442,32344.91202
2026-04-19T00:00:00Z,DOLOUSD,0.03442,0.03442,0.03442,0.03442,0.00000
2026-04-20T00:00:00Z,DOLOUSD,0.03430,0.03430,0.03430,0.03430,14577.25947
2026-04-21T00:00:00Z,DOLOUSD,0.03430,0.03430,0.03430,0.03430,0.00000
2026-04-22T00:00:00Z,DOLOUSD,0.03430,0.03430,0.03430,0.03430,0.00000
2026-04-23T00:00:00Z,DOLOUSD,0.03450,0.03588,0.03450,0.03501,39030.20327
2026-04-24T00:00:00Z,DOLOUSD,0.03439,0.03439,0.03359,0.03359,23858.89343
2026-04-25T00:00:00Z,DOLOUSD,0.03359,0.03359,0.03359,0.03359,0.00000
2026-04-26T00:00:00Z,DOLOUSD,0.03359,0.03359,0.03359,0.03359,0.00000
2026-04-27T00:00:00Z,DOLOUSD,0.03356,0.03466,0.03356,0.03466,5560.55266
2026-04-28T00:00:00Z,DOLOUSD,0.03571,0.03571,0.03571,0.03571,2496.01216
2026-04-29T00:00:00Z,DOLOUSD,0.03879,0.03879,0.02634,0.03073,108459.89670
2026-04-30T00:00:00Z,DOLOUSD,0.03115,0.03132,0.03115,0.03132,16445.38049
2026-05-01T00:00:00Z,DOLOUSD,0.03132,0.03132,0.03132,0.03132,0.00000
2026-05-02T00:00:00Z,DOLOUSD,0.03127,0.03128,0.03127,0.03128,7628.92890
2026-05-03T00:00:00Z,DOLOUSD,0.03024,0.03089,0.03024,0.03089,572.78949
2026-05-04T00:00:00Z,DOLOUSD,0.03222,0.03222,0.03222,0.03222,1967.99807
2026-05-05T00:00:00Z,DOLOUSD,0.03307,0.03307,0.03305,0.03305,15640.78803
2026-05-06T00:00:00Z,DOLOUSD,0.03227,0.03293,0.03110,0.03110,7912.29053
2026-05-07T00:00:00Z,DOLOUSD,0.03203,0.03428,0.03203,0.03359,27983.78329
2026-05-08T00:00:00Z,DOLOUSD,0.03372,0.03638,0.03235,0.03638,21228.20114
2026-05-09T00:00:00Z,DOLOUSD,0.03722,0.03722,0.03554,0.03706,10946.34282
2026-05-10T00:00:00Z,DOLOUSD,0.03776,0.03776,0.03625,0.03708,20986.18051
2026-05-11T00:00:00Z,DOLOUSD,0.03518,0.03732,0.03516,0.03732,12604.76741
2026-05-12T00:00:00Z,DOLOUSD,0.03724,0.03985,0.03578,0.03800,16128.33687
2026-05-13T00:00:00Z,DOLOUSD,0.03612,0.03774,0.03468,0.03468,21263.85989
2026-05-14T00:00:00Z,DOLOUSD,0.03536,0.03543,0.03404,0.03543,4317.85765
2026-05-15T00:00:00Z,DOLOUSD,0.03200,0.03247,0.03149,0.03149,14833.54821
2026-05-16T00:00:00Z,DOLOUSD,0.03149,0.03149,0.03149,0.03149,0.00000
2026-05-17T00:00:00Z,DOLOUSD,0.03262,0.03264,0.02998,0.03041,16315.44501
2026-05-18T00:00:00Z,DOLOUSD,0.03119,0.03119,0.03119,0.03119,680.00000
2026-05-19T00:00:00Z,DOLOUSD,0.03206,0.03206,0.03143,0.03143,1311.74164
2026-05-20T00:00:00Z,DOLOUSD,0.03204,0.03289,0.02936,0.02936,5286.54043
2026-05-21T00:00:00Z,DOLOUSD,0.03287,0.03298,0.03140,0.03140,28395.76990
2026-05-22T00:00:00Z,DOLOUSD,0.03192,0.03305,0.03191,0.03235,1094.13063
2026-05-23T00:00:00Z,DOLOUSD,0.03235,0.03235,0.03235,0.03235,0.00000
2026-05-24T00:00:00Z,DOLOUSD,0.03235,0.03235,0.03235,0.03235,0.00000
2026-05-25T00:00:00Z,DOLOUSD,0.03132,0.03139,0.03132,0.03139,715.58421
2026-05-26T00:00:00Z,DOLOUSD,0.03282,0.03641,0.03125,0.03125,14728.44043
2026-05-27T00:00:00Z,DOLOUSD,0.03624,0.03899,0.03107,0.03129,38149.42308
2026-05-28T00:00:00Z,DOLOUSD,0.02905,0.03042,0.02793,0.03042,20014.37788
2026-05-29T00:00:00Z,DOLOUSD,0.03015,0.03020,0.02952,0.02952,7445.66424
2026-05-30T00:00:00Z,DOLOUSD,0.03093,0.03093,0.03093,0.03093,2855.25990
2026-05-31T00:00:00Z,DOLOUSD,0.03093,0.03093,0.03093,0.03093,0.00000
2026-06-01T00:00:00Z,DOLOUSD,0.03076,0.03076,0.02995,0.02995,3788.23849
2026-06-02T00:00:00Z,DOLOUSD,0.02877,0.02877,0.02792,0.02792,1020.00000
2026-06-03T00:00:00Z,DOLOUSD,0.02792,0.02792,0.02792,0.02792,0.00000
2026-06-04T00:00:00Z,DOLOUSD,0.02609,0.02609,0.02572,0.02572,3740.00000
2026-06-05T00:00:00Z,DOLOUSD,0.02279,0.02301,0.02213,0.02215,144820.44517
2026-06-06T00:00:00Z,DOLOUSD,0.02149,0.02149,0.02149,0.02149,4545.79841
2026-06-07T00:00:00Z,DOLOUSD,0.02245,0.02245,0.02244,0.02244,1271.00000
2026-06-08T00:00:00Z,DOLOUSD,0.02332,0.02332,0.02332,0.02332,9540.14474
2026-06-09T00:00:00Z,DOLOUSD,0.02332,0.02332,0.02332,0.02332,0.00000
2026-06-10T00:00:00Z,DOLOUSD,0.02237,0.02237,0.02237,0.02237,204.00002
2026-06-11T00:00:00Z,DOLOUSD,0.02246,0.02272,0.02246,0.02272,3203.66685
2026-06-12T00:00:00Z,DOLOUSD,0.02316,0.02524,0.02316,0.02524,1595.76434
2026-06-13T00:00:00Z,DOLOUSD,0.02637,0.02637,0.02531,0.02615,1228.30000
2026-06-14T00:00:00Z,DOLOUSD,0.02461,0.02464,0.02340,0.02414,109376.44264
2026-06-15T00:00:00Z,DOLOUSD,0.02492,0.02504,0.02370,0.02377,200937.21015
2026-06-16T00:00:00Z,DOLOUSD,0.02251,0.02440,0.02250,0.02440,14004.58552
2026-06-17T00:00:00Z,DOLOUSD,0.03727,0.03727,0.02440,0.02490,542.65776
2026-06-18T00:00:00Z,DOLOUSD,0.02490,0.02490,0.02490,0.02490,0.00000
2026-06-19T00:00:00Z,DOLOUSD,0.02459,0.02465,0.02450,0.02463,16203.81640
2026-06-20T00:00:00Z,DOLOUSD,0.02591,0.03240,0.02572,0.02815,46568.26612
2026-06-21T00:00:00Z,DOLOUSD,0.02709,0.02709,0.02439,0.02458,27690.75598
2026-06-22T00:00:00Z,DOLOUSD,0.02458,0.02477,0.02418,0.02418,24188.79232
2026-06-23T00:00:00Z,DOLOUSD,0.02360,0.02360,0.02359,0.02359,2979.06871
2026-06-24T00:00:00Z,DOLOUSD,0.02936,0.02936,0.02275,0.02275,1332.95653
2026-06-25T00:00:00Z,DOLOUSD,0.02275,0.02275,0.02275,0.02275,0.00000
2026-06-26T00:00:00Z,DOLOUSD,0.02275,0.02275,0.02275,0.02275,0.00000
2026-06-27T00:00:00Z,DOLOUSD,0.02384,0.02384,0.02329,0.02329,350.00000
2026-06-28T00:00:00Z,DOLOUSD,0.02274,0.02274,0.02273,0.02273,2776.48999
2026-06-29T00:00:00Z,DOLOUSD,0.02365,0.02400,0.02289,0.02289,30446.74927
2026-06-30T00:00:00Z,DOLOUSD,0.02246,0.02246,0.02197,0.02197,343.19877
2026-07-01T00:00:00Z,DOLOUSD,0.02197,0.02197,0.02197,0.02197,0.00000
2026-07-02T00:00:00Z,DOLOUSD,0.02284,0.02284,0.02283,0.02283,1061.31743
2026-07-03T00:00:00Z,DOLOUSD,0.02283,0.02283,0.02283,0.02283,0.00000
2026-07-04T00:00:00Z,DOLOUSD,0.02457,0.02533,0.02457,0.02533,1990.97538
2026-07-05T00:00:00Z,DOLOUSD,0.02533,0.02533,0.02533,0.02533,0.00000
2026-07-06T00:00:00Z,DOLOUSD,0.02533,0.02533,0.02533,0.02533,0.00000
2026-07-07T00:00:00Z,DOLOUSD,0.02533,0.02533,0.02533,0.02533,0.00000
2026-07-08T00:00:00Z,DOLOUSD,0.02533,0.02533,0.02533,0.02533,0.00000
2026-07-09T00:00:00Z,DOLOUSD,0.02533,0.02533,0.02533,0.02533,0.00000
2026-07-10T00:00:00Z,DOLOUSD,0.02195,0.02267,0.02162,0.02267,3255.39691
2026-07-11T00:00:00Z,DOLOUSD,0.02296,0.02296,0.02209,0.02276,1084.04028
2026-07-12T00:00:00Z,DOLOUSD,0.02137,0.02137,0.02114,0.02114,679.04028
2026-07-13T00:00:00Z,DOLOUSD,0.02114,0.02114,0.02114,0.02114,0.00000
2026-07-14T00:00:00Z,DOLOUSD,0.02114,0.02114,0.02114,0.02114,0.00000
2026-07-15T00:00:00Z,DOLOUSD,0.02114,0.02114,0.02114,0.02114,0.00000
2026-07-16T00:00:00Z,DOLOUSD,0.02219,0.02219,0.01959,0.01959,435.99998
2026-07-17T00:00:00Z,DOLOUSD,0.01959,0.01959,0.01959,0.01959,0.00000
2026-07-18T00:00:00Z,DOLOUSD,0.01959,0.01959,0.01959,0.01959,0.00000
2026-07-19T00:00:00Z,DOLOUSD,0.01959,0.01959,0.01959,0.01959,0.00000
2026-07-20T00:00:00Z,DOLOUSD,0.01959,0.01959,0.01959,0.01959,0.00000
2026-07-21T00:00:00Z,DOLOUSD,0.02265,0.02265,0.02265,0.02265,2454.70000
2026-07-22T00:00:00Z,DOLOUSD,0.02214,0.02214,0.02213,0.02213,1793.29862
2026-07-23T00:00:00Z,DOLOUSD,0.02214,0.02214,0.02171,0.02171,414.34643
2026-07-24T00:00:00Z,DOLOUSD,0.02171,0.02171,0.02171,0.02171,0.00000
2026-07-25T00:00:00Z,DOLOUSD,0.02292,0.02292,0.02283,0.02283,4344.26093
2026-07-26T00:00:00Z,DOLOUSD,0.02283,0.02283,0.02283,0.02283,0.00000
2026-07-27T00:00:00Z,DOLOUSD,0.02283,0.02283,0.02283,0.02283,0.00000
2026-07-28T00:00:00Z,DOLOUSD,0.02283,0.02283,0.02283,0.02283,0.00000
2026-07-29T00:00:00Z,DOLOUSD,0.02283,0.02283,0.02283,0.02283,0.00000
2026-07-30T00:00:00Z,DOLOUSD,0.02283,0.02283,0.02283,0.02283,0.00000
2026-07-31T00:00:00Z,DOLOUSD,0.02283,0.02283,0.02283,0.02283,0.00000
2026-08-01T00:00:00Z,DOLOUSD,0.02110,0.02110,0.02110,0.02110,21618.00000
2026-08-02T00:00:00Z,DOLOUSD,0.02199,0.02200,0.02199,0.02200,7534.57207
2026-08-03T00:00:00Z,DOLOUSD,0.02200,0.02200,0.02200,0.02200,0.00000
2026-08-04T00:00:00Z,DOLOUSD,0.02200,0.02200,0.02200,0.02200,0.00000
2026-08-05T00:00:00Z,DOLOUSD,0.02200,0.02200,0.02200,0.02200,0.00000
2026-08-06T00:00:00Z,DOLOUSD,0.02200,0.02200,0.02200,0.02200,0.00000
2026-08-07T00:00:00Z,DOLOUSD,0.02200,0.02200,0.02200,0.02200,0.00000
2026-08-08T00:00:00Z,DOLOUSD,0.02200,0.02200,0.02200,0.02200,0.00000
2026-08-09T00:00:00Z,DOLOUSD,0.02200,0.02200,0.02200,0.02200,0.00000
2026-08-10T00:00:00Z,DOLOUSD,0.02200,0.02200,0.02200,0.02200,0.00000
2026-08-11T00:00:00Z,DOLOUSD,0.02200,0.02200,0.02200,0.02200,0.00000
2026-08-12T00:00:00Z,DOLOUSD,0.02200,0.02200,0.02200,0.02200,0.00000
2026-08-13T00:00:00Z,DOLOUSD,0.02200,0.02200,0.02200,0.02200,50000.00000
2026-08-14T00:00:00Z,DOLOUSD,0.03000,0.03082,0.02471,0.02471,39393.84399
2026-08-15T00:00:00Z,DOLOUSD,0.02373,0.02541,0.02027,0.02153,1000228.93062
2026-08-16T00:00:00Z,DOLOUSD,0.02236,0.02813,0.02209,0.02308,559956.42603
2026-08-17T00:00:00Z,DOLOUSD,0.02364,0.02442,0.02241,0.02433,157685.22566
2026-08-18T00:00:00Z,DOLOUSD,0.02454,0.02550,0.02232,0.02299,103028.72960
2026-08-19T00:00:00Z,DOLOUSD,0.02301,0.02377,0.02223,0.02377,20088.50208
2026-08-20T00:00:00Z,DOLOUSD,0.02351,0.02351,0.02327,0.02327,490682.80000
2026-08-21T00:00:00Z,DOLOUSD,0.02545,0.02681,0.02544,0.02680,296699.85297
2026-08-22T00:00:00Z,DOLOUSD,0.02700,0.02700,0.02279,0.02279,191852.84519
2026-08-23T00:00:00Z,DOLOUSD,0.02386,0.02488,0.02291,0.02444,283239.62186
2026-08-24T00:00:00Z,DOLOUSD,0.02444,0.02444,0.02444,0.02444,0.00000
2026-08-25T00:00:00Z,DOLOUSD,0.02444,0.02444,0.02444,0.02444,0.00000
2026-08-26T00:00:00Z,DOLOUSD,0.02499,0.02499,0.02400,0.02400,454.16666
2026-08-27T00:00:00Z,DOLOUSD,0.02500,0.03004,0.02424,0.02536,79666.17681
2026-08-28T00:00:00Z,DOLOUSD,0.02586,0.02586,0.02169,0.02502,9012.37305
2026-08-29T00:00:00Z,DOLOUSD,0.02534,0.02595,0.02534,0.02567,3071.75557
2026-08-30T00:00:00Z,DOLOUSD,0.02570,0.02623,0.02505,0.02589,22837.25956
2026-08-31T00:00:00Z,DOLOUSD,0.02663,0.02705,0.02614,0.02645,10608.44650
2026-09-01T00:00:00Z,DOLOUSD,0.02645,0.02645,0.02544,0.02560,18459.63073
2026-09-02T00:00:00Z,DOLOUSD,0.02582,0.02582,0.02576,0.02580,1522.71440
2026-09-03T00:00:00Z,DOLOUSD,0.02654,0.02699,0.02654,0.02699,4607.71677
2026-09-04T00:00:00Z,DOLOUSD,0.02617,0.04033,0.02594,0.02807,436154.09156
2026-09-05T00:00:00Z,DOLOUSD,0.02705,0.02816,0.02681,0.02739,51752.70440
2026-09-06T00:00:00Z,DOLOUSD,0.02754,0.02762,0.02677,0.02677,5503.37084
2026-09-07T00:00:00Z,DOLOUSD,0.02735,0.02760,0.02593,0.02670,139399.55765
2026-09-08T00:00:00Z,DOLOUSD,0.02669,0.02706,0.02653,0.02704,2274.92328
2026-09-09T00:00:00Z,DOLOUSD,0.02659,0.02659,0.02475,0.02475,77478.18573
2026-09-10T00:00:00Z,DOLOUSD,0.02516,0.03049,0.02423,0.02423,206751.03394
2026-09-11T00:00:00Z,DOLOUSD,0.02390,0.02596,0.02390,0.02465,13227.57102
2026-09-12T00:00:00Z,DOLOUSD,0.02465,0.02465,0.02465,0.02465,981.29137
2026-09-13T00:00:00Z,DOLOUSD,0.02498,0.03049,0.02411,0.02411,36365.85382
2026-09-14T00:00:00Z,DOLOUSD,0.02421,0.02436,0.02410,0.02420,11773.67135
2026-09-15T00:00:00Z,DOLOUSD,0.02417,0.02417,0.02318,0.02367,2333.48643
2026-09-16T00:00:00Z,DOLOUSD,0.02371,0.02372,0.02312,0.02330,4866.56242
2026-09-17T00:00:00Z,DOLOUSD,0.02390,0.02466,0.02002,0.02445,216339.70079
2026-09-18T00:00:00Z,DOLOUSD,0.02514,0.02535,0.02513,0.02531,1892.45779
2026-09-19T00:00:00Z,DOLOUSD,0.02642,0.02643,0.02638,0.02638,1426.59231
2026-09-20T00:00:00Z,DOLOUSD,0.02561,0.02615,0.02520,0.02611,12936.27773
2026-09-21T00:00:00Z,DOLOUSD,0.02626,0.02838,0.02553,0.02770,11182.68368
2026-09-22T00:00:00Z,DOLOUSD,0.02852,0.03365,0.02761,0.02954,297703.61501
